{
  "results": [
    {
      "command": "curl -b wordle.cookie -X POST -d '{\"answer\": \"hello\"}' localhost:8080/api/v1/create",
      "mean": 0.0252908978,
      "stddev": 0.005990870315169512,
      "median": 0.023907793820000002,
      "user": 0.00640714,
      "system": 0.0034266999999999995,
      "min": 0.01937001782,
      "max": 0.06854937882,
      "times": [
        0.022152383820000003,
        0.02320817282,
        0.022385893820000002,
        0.022458551820000002,
        0.02282305382,
        0.022705505820000003,
        0.024337193820000002,
        0.02532279582,
        0.023583359820000004,
        0.02222173682,
        0.02250756082,
        0.023830802820000004,
        0.02305187682,
        0.02373962882,
        0.022434295820000002,
        0.026794933820000002,
        0.019782002820000002,
        0.024354469820000002,
        0.02305985982,
        0.06854937882,
        0.02624321082,
        0.03708687982,
        0.023901683820000002,
        0.022377388820000003,
        0.02254716382,
        0.027487351820000002,
        0.021923160820000002,
        0.02770148882,
        0.04450866282,
        0.027665206820000003,
        0.02166816582,
        0.03096864382,
        0.024151253820000003,
        0.02394914482,
        0.02211680882,
        0.025307042820000004,
        0.02499670882,
        0.02511582282,
        0.02235767082,
        0.025391540820000003,
        0.02234271582,
        0.023913903820000002,
        0.03229557082,
        0.031000975820000002,
        0.026231975820000003,
        0.023925399820000002,
        0.02337040282,
        0.023030773820000003,
        0.01937001782,
        0.02413595082,
        0.02393583682,
        0.02678326182,
        0.026090925820000003,
        0.03121935182,
        0.02239749882,
        0.02000751082,
        0.02265943482,
        0.025916726820000003,
        0.021739451820000002,
        0.02044341782,
        0.01979544982,
        0.02724282382,
        0.02649766082,
        0.02560407182,
        0.04150387782,
        0.024365098820000004,
        0.024627506820000002,
        0.03142435182,
        0.02376347582,
        0.02273135382,
        0.023317621820000002,
        0.03240089482,
        0.023926577820000003,
        0.026591537820000004,
        0.024215222820000003,
        0.026871387820000002,
        0.02486602182,
        0.02839692182,
        0.028921767820000003,
        0.02385768882,
        0.022081038820000003,
        0.021160107820000003,
        0.02144720882,
        0.021677568820000003,
        0.021514161820000002,
        0.02224190682,
        0.026246663820000002,
        0.02481624982,
        0.02883720482,
        0.03281453682,
        0.023882690820000003,
        0.02116682282,
        0.02192270782,
        0.023211577820000003,
        0.020770322820000003,
        0.024132540820000003,
        0.02247937082,
        0.027236156820000003,
        0.021622670820000002,
        0.021327391820000003
      ],
      "exit_codes": [
        0,
        0,
        0,
        0,
        0,
        0,
        0,
        0,
        0,
        0,
        0,
        0,
        0,
        0,
        0,
        0,
        0,
        0,
        0,
        0,
        0,
        0,
        0,
        0,
        0,
        0,
        0,
        0,
        0,
        0,
        0,
        0,
        0,
        0,
        0,
        0,
        0,
        0,
        0,
        0,
        0,
        0,
        0,
        0,
        0,
        0,
        0,
        0,
        0,
        0,
        0,
        0,
        0,
        0,
        0,
        0,
        0,
        0,
        0,
        0,
        0,
        0,
        0,
        0,
        0,
        0,
        0,
        0,
        0,
        0,
        0,
        0,
        0,
        0,
        0,
        0,
        0,
        0,
        0,
        0,
        0,
        0,
        0,
        0,
        0,
        0,
        0,
        0,
        0,
        0,
        0,
        0,
        0,
        0,
        0,
        0,
        0,
        0,
        0,
        0
      ]
    }
  ]
}
