{
  "results": [
    {
      "command": "curl -b wordle.cookie -X POST -d '{\"answer\": \"hello\"}' localhost:8080/api/v1/create",
      "mean": 0.028094264320000013,
      "stddev": 0.008829529692167009,
      "median": 0.026320005520000002,
      "user": 0.006952529999999999,
      "system": 0.00380826,
      "min": 0.02044308602,
      "max": 0.09921477002000001,
      "times": [
        0.024840390020000002,
        0.026415472020000004,
        0.027396413020000003,
        0.024523129020000003,
        0.029503154020000002,
        0.024386578020000004,
        0.024164476020000002,
        0.03524135702,
        0.03432111602,
        0.028137205020000004,
        0.03300485802,
        0.026034692020000003,
        0.024856911020000004,
        0.02595043702,
        0.024051117020000002,
        0.023487645020000003,
        0.022292278020000004,
        0.021739271020000003,
        0.02044308602,
        0.024530518020000003,
        0.025443787020000004,
        0.02953339802,
        0.03717787502,
        0.026344334020000002,
        0.029684110020000005,
        0.03626499002,
        0.027099885020000002,
        0.023084923020000002,
        0.02284172002,
        0.024678457020000003,
        0.027260664020000002,
        0.026668354020000003,
        0.027204221020000002,
        0.03337547802,
        0.030930940020000002,
        0.030947731020000004,
        0.027575184020000004,
        0.029524054020000006,
        0.025395573020000003,
        0.022482779020000003,
        0.023974767020000003,
        0.03151446202,
        0.023722869020000002,
        0.027992734020000003,
        0.027746676020000003,
        0.03492795902,
        0.03234153402,
        0.026971240020000002,
        0.022965776020000002,
        0.03239247702,
        0.025076670020000004,
        0.025400416020000004,
        0.025217608020000004,
        0.03079310302,
        0.03776923902,
        0.027535078020000003,
        0.022826390020000004,
        0.02931611602,
        0.027946702020000002,
        0.02415774102,
        0.023668127020000002,
        0.024253200020000004,
        0.028020153020000004,
        0.029435969020000004,
        0.027004349020000002,
        0.023340707020000004,
        0.02561998102,
        0.020968769020000003,
        0.021911334020000003,
        0.021903739020000004,
        0.022128311020000003,
        0.022965557020000003,
        0.030963020020000006,
        0.027791185020000005,
        0.027099205020000003,
        0.025110434020000003,
        0.023903606020000003,
        0.027315096020000002,
        0.026143451020000003,
        0.03499936402,
        0.025102298020000004,
        0.027324298020000002,
        0.04307680502,
        0.05293283202,
        0.09921477002000001,
        0.03568566602,
        0.03501528002,
        0.03142924702,
        0.03574537702,
        0.027497180020000005,
        0.024493343020000002,
        0.025326083020000004,
        0.022718003020000002,
        0.021192264020000004,
        0.023565635020000003,
        0.023689924020000003,
        0.02055152102,
        0.020769689020000003,
        0.02629567702,
        0.02382686402
      ],
      "exit_codes": [
        0,
        0,
        0,
        0,
        0,
        0,
        0,
        0,
        0,
        0,
        0,
        0,
        0,
        0,
        0,
        0,
        0,
        0,
        0,
        0,
        0,
        0,
        0,
        0,
        0,
        0,
        0,
        0,
        0,
        0,
        0,
        0,
        0,
        0,
        0,
        0,
        0,
        0,
        0,
        0,
        0,
        0,
        0,
        0,
        0,
        0,
        0,
        0,
        0,
        0,
        0,
        0,
        0,
        0,
        0,
        0,
        0,
        0,
        0,
        0,
        0,
        0,
        0,
        0,
        0,
        0,
        0,
        0,
        0,
        0,
        0,
        0,
        0,
        0,
        0,
        0,
        0,
        0,
        0,
        0,
        0,
        0,
        0,
        0,
        0,
        0,
        0,
        0,
        0,
        0,
        0,
        0,
        0,
        0,
        0,
        0,
        0,
        0,
        0,
        0
      ]
    }
  ]
}
