{
  "results": [
    {
      "command": "curl -b wordle.cookie -X POST -d '{\"answer\": \"hello\"}' localhost:8080/api/v1/create",
      "mean": 0.02531213935,
      "stddev": 0.0035381588053081145,
      "median": 0.02458265444,
      "user": 0.0067617400000000005,
      "system": 0.0036369399999999974,
      "min": 0.02024581644,
      "max": 0.038175864440000006,
      "times": [
        0.02696420944,
        0.02607968744,
        0.02268529244,
        0.02439585544,
        0.03104205244,
        0.02754150344,
        0.032754611440000005,
        0.026582233440000002,
        0.031888729440000006,
        0.029882622440000003,
        0.032957744440000006,
        0.02688886944,
        0.025129320440000002,
        0.02399644544,
        0.02351018844,
        0.03011400344,
        0.031184763440000002,
        0.02445698144,
        0.02545211144,
        0.02693686144,
        0.02466636144,
        0.02381488144,
        0.02266222144,
        0.02763612444,
        0.026573170440000002,
        0.02445476544,
        0.024199675440000002,
        0.025802379440000002,
        0.02680221344,
        0.02262954544,
        0.02814245844,
        0.02250316844,
        0.02143329544,
        0.02648505044,
        0.028923590439999997,
        0.02515625444,
        0.02433025444,
        0.02177821244,
        0.02242695144,
        0.02254947644,
        0.02458852744,
        0.02155021644,
        0.02496852744,
        0.02179835844,
        0.02331106044,
        0.02167116944,
        0.02529380844,
        0.02191674344,
        0.02748198044,
        0.02196540944,
        0.02429516844,
        0.02224409944,
        0.02457678144,
        0.02024581644,
        0.02025074844,
        0.02165808644,
        0.02348787644,
        0.02397045944,
        0.02210574544,
        0.02083130144,
        0.02317429944,
        0.02148764844,
        0.038175864440000006,
        0.02574493044,
        0.02966439544,
        0.031696812440000006,
        0.02174935844,
        0.024677338440000002,
        0.02580192944,
        0.024679467440000002,
        0.02114355844,
        0.02743913544,
        0.026660520440000002,
        0.02695986744,
        0.02428813144,
        0.02137243044,
        0.02815432244,
        0.02328559244,
        0.03527211644000001,
        0.036497181440000005,
        0.02649705144,
        0.02878644344,
        0.02624259844,
        0.02858640744,
        0.02407603544,
        0.02334881144,
        0.02405008544,
        0.02159900444,
        0.02396052044,
        0.02136856244,
        0.02340947144,
        0.02260122744,
        0.02182224744,
        0.02146081844,
        0.02867842444,
        0.02505717244,
        0.02513548644,
        0.02672703944,
        0.02336111144,
        0.02489449244
      ],
      "exit_codes": [
        0,
        0,
        0,
        0,
        0,
        0,
        0,
        0,
        0,
        0,
        0,
        0,
        0,
        0,
        0,
        0,
        0,
        0,
        0,
        0,
        0,
        0,
        0,
        0,
        0,
        0,
        0,
        0,
        0,
        0,
        0,
        0,
        0,
        0,
        0,
        0,
        0,
        0,
        0,
        0,
        0,
        0,
        0,
        0,
        0,
        0,
        0,
        0,
        0,
        0,
        0,
        0,
        0,
        0,
        0,
        0,
        0,
        0,
        0,
        0,
        0,
        0,
        0,
        0,
        0,
        0,
        0,
        0,
        0,
        0,
        0,
        0,
        0,
        0,
        0,
        0,
        0,
        0,
        0,
        0,
        0,
        0,
        0,
        0,
        0,
        0,
        0,
        0,
        0,
        0,
        0,
        0,
        0,
        0,
        0,
        0,
        0,
        0,
        0,
        0
      ]
    }
  ]
}
