{
  "results": [
    {
      "command": "curl -b wordle.cookie -X POST -d '{\"answer\": \"hello\"}' localhost:8080/api/v1/create",
      "mean": 0.028197148819999986,
      "stddev": 0.006415065682116137,
      "median": 0.026572914320000002,
      "user": 0.006897466666666665,
      "system": 0.003680028888888889,
      "min": 0.02114682782,
      "max": 0.04454929582,
      "times": [
        0.03051292982,
        0.02834342482,
        0.03245211982,
        0.03395169482,
        0.02712088282,
        0.02412860082,
        0.04424135282,
        0.02848917282,
        0.02693664582,
        0.03446242882,
        0.02709113682,
        0.02332823882,
        0.03665299082,
        0.02243835482,
        0.02252623082,
        0.02389859182,
        0.02770223482,
        0.021252818819999998,
        0.022784967819999998,
        0.02379487782,
        0.029256576819999998,
        0.02838360082,
        0.02146032582,
        0.04391897082,
        0.02203266082,
        0.02133521082,
        0.02788239882,
        0.02811063682,
        0.02234701182,
        0.02545033682,
        0.030227738820000002,
        0.02272422282,
        0.021950108819999998,
        0.02114682782,
        0.03522028882,
        0.028766805819999998,
        0.02535724482,
        0.03392363282,
        0.02514167082,
        0.028818944819999998,
        0.04454929582,
        0.02842946482,
        0.02617303282,
        0.03681053482,
        0.02621010582,
        0.025421691819999998,
        0.04289937582,
        0.02249684482,
        0.02644356082,
        0.04273381682,
        0.02777947582,
        0.02670226782,
        0.03926790482,
        0.02510128082,
        0.02389132382,
        0.04042464282,
        0.02409727482,
        0.02272040982,
        0.02116549682,
        0.02290368582,
        0.02128772582,
        0.021551787819999998,
        0.02170639082,
        0.02765015182,
        0.02831408182,
        0.02248807982,
        0.04101522282,
        0.02588774782,
        0.02716809082,
        0.04153665382,
        0.024934010819999998,
        0.030792492820000003,
        0.03728901182,
        0.02395553482,
        0.023073785819999998,
        0.02198145282,
        0.02350532482,
        0.02409141382,
        0.02262712482,
        0.02209180382,
        0.03390491482,
        0.03477802482,
        0.030141348819999997,
        0.03046794582,
        0.02588756382,
        0.02455662182,
        0.02896633582,
        0.02347392482,
        0.04194944182,
        0.02888298182
      ],
      "exit_codes": [
        0,
        0,
        0,
        0,
        0,
        0,
        0,
        0,
        0,
        0,
        0,
        0,
        0,
        0,
        0,
        0,
        0,
        0,
        0,
        0,
        0,
        0,
        0,
        0,
        0,
        0,
        0,
        0,
        0,
        0,
        0,
        0,
        0,
        0,
        0,
        0,
        0,
        0,
        0,
        0,
        0,
        0,
        0,
        0,
        0,
        0,
        0,
        0,
        0,
        0,
        0,
        0,
        0,
        0,
        0,
        0,
        0,
        0,
        0,
        0,
        0,
        0,
        0,
        0,
        0,
        0,
        0,
        0,
        0,
        0,
        0,
        0,
        0,
        0,
        0,
        0,
        0,
        0,
        0,
        0,
        0,
        0,
        0,
        0,
        0,
        0,
        0,
        0,
        0,
        0
      ]
    }
  ]
}
