{
  "results": [
    {
      "command": "curl -X GET localhost:8080",
      "mean": 0.024651290900000008,
      "stddev": 0.004510213171108609,
      "median": 0.02406288024,
      "user": 0.006681809999999998,
      "system": 0.0036841500000000006,
      "min": 0.01870578724,
      "max": 0.04071615524,
      "times": [
        0.02020298624,
        0.02153947624,
        0.025820846240000004,
        0.021903288240000002,
        0.021770681240000003,
        0.021762817240000003,
        0.02422409324,
        0.02046094924,
        0.025738804240000003,
        0.03414165124,
        0.02543162024,
        0.03250695724,
        0.03379833124,
        0.02412396324,
        0.02325740524,
        0.03224276724,
        0.026579123240000002,
        0.020742875240000003,
        0.02668332824,
        0.023090056240000004,
        0.025983110240000003,
        0.01987764724,
        0.019868021240000002,
        0.022301667240000003,
        0.025299024240000002,
        0.021637295240000003,
        0.027067856240000004,
        0.03564446224,
        0.026389355240000002,
        0.03321437824,
        0.026649019240000002,
        0.023418226240000003,
        0.025936622240000002,
        0.021235081240000002,
        0.02007995724,
        0.021541231240000003,
        0.019043482240000003,
        0.023694486240000003,
        0.022312992240000003,
        0.022624904240000004,
        0.022906486240000003,
        0.02364307024,
        0.02124860924,
        0.02444346924,
        0.020387611240000002,
        0.019541633240000002,
        0.02400179724,
        0.02224426624,
        0.019935628240000003,
        0.02747823124,
        0.024334252240000003,
        0.026851954240000003,
        0.022010334240000002,
        0.021677998240000003,
        0.027857711240000003,
        0.02369934224,
        0.02428225524,
        0.021593883240000004,
        0.02046828624,
        0.026798736240000003,
        0.04071615524,
        0.02575619024,
        0.02075225224,
        0.03679044424,
        0.03244877324,
        0.02470542824,
        0.028326229240000004,
        0.023196708240000002,
        0.021150523240000003,
        0.019898149240000003,
        0.01896552324,
        0.019696387240000002,
        0.02230004424,
        0.02427013524,
        0.021222728240000002,
        0.024127572240000002,
        0.027395899240000004,
        0.024405877240000002,
        0.02642261024,
        0.019108230240000003,
        0.01870578724,
        0.025590663240000002,
        0.02112888124,
        0.019852799240000003,
        0.03013753724,
        0.025084882240000002,
        0.025008833240000004,
        0.028136192240000003,
        0.021020442240000003,
        0.02175566924,
        0.031000481240000006,
        0.024645585240000004,
        0.019521092240000003,
        0.01871437624,
        0.028042803240000004,
        0.02941084324,
        0.03157556524,
        0.03583125024,
        0.027095718240000004,
        0.025967430240000002
      ],
      "exit_codes": [
        0,
        0,
        0,
        0,
        0,
        0,
        0,
        0,
        0,
        0,
        0,
        0,
        0,
        0,
        0,
        0,
        0,
        0,
        0,
        0,
        0,
        0,
        0,
        0,
        0,
        0,
        0,
        0,
        0,
        0,
        0,
        0,
        0,
        0,
        0,
        0,
        0,
        0,
        0,
        0,
        0,
        0,
        0,
        0,
        0,
        0,
        0,
        0,
        0,
        0,
        0,
        0,
        0,
        0,
        0,
        0,
        0,
        0,
        0,
        0,
        0,
        0,
        0,
        0,
        0,
        0,
        0,
        0,
        0,
        0,
        0,
        0,
        0,
        0,
        0,
        0,
        0,
        0,
        0,
        0,
        0,
        0,
        0,
        0,
        0,
        0,
        0,
        0,
        0,
        0,
        0,
        0,
        0,
        0,
        0,
        0,
        0,
        0,
        0,
        0
      ]
    },
    {
      "command": "curl -b wordle.cookie -X GET localhost:8080",
      "mean": 0.026606211390000013,
      "stddev": 0.012041482101820477,
      "median": 0.024006581740000005,
      "user": 0.006616919999999999,
      "system": 0.0036494699999999997,
      "min": 0.018136828240000003,
      "max": 0.12474326224000001,
      "times": [
        0.022514138240000002,
        0.02030040824,
        0.02003601924,
        0.022204360240000002,
        0.023321437240000003,
        0.022435612240000003,
        0.02915617824,
        0.027506797240000002,
        0.022785955240000003,
        0.024045705240000003,
        0.021088657240000003,
        0.019809008240000002,
        0.02084660824,
        0.018136828240000003,
        0.023438991240000002,
        0.02579101324,
        0.023075331240000004,
        0.021772045240000003,
        0.02301276224,
        0.02757937724,
        0.024960572240000003,
        0.02363417224,
        0.02050721024,
        0.04439773824,
        0.12474326224000001,
        0.02066112024,
        0.03729835224,
        0.023454922240000002,
        0.027634585240000002,
        0.025244176240000003,
        0.026066741240000003,
        0.022395538240000002,
        0.024808302240000003,
        0.026108105240000002,
        0.02228589024,
        0.020234563240000003,
        0.03959690724,
        0.02342823524,
        0.028109110240000002,
        0.021937668240000003,
        0.022408950240000003,
        0.026348337240000002,
        0.02044756924,
        0.02058516024,
        0.024217539240000002,
        0.024646158240000004,
        0.02193897024,
        0.022468049240000003,
        0.022139460240000002,
        0.03482240324,
        0.03758687724,
        0.02559659724,
        0.024753021240000003,
        0.020727505240000003,
        0.022345509240000002,
        0.02089364024,
        0.026571817240000004,
        0.022509495240000003,
        0.020830917240000003,
        0.025233644240000002,
        0.02932525124,
        0.02970132824,
        0.026509264240000004,
        0.021996932240000003,
        0.020688977240000003,
        0.025753627240000004,
        0.024861838240000003,
        0.024312025240000004,
        0.020641111240000003,
        0.02531943324,
        0.027239770240000002,
        0.020675710240000002,
        0.019331126240000003,
        0.02211579824,
        0.02640539424,
        0.023004401240000003,
        0.019884148240000003,
        0.024145671240000003,
        0.021796981240000003,
        0.022589839240000003,
        0.021055731240000004,
        0.06707038624,
        0.023282158240000003,
        0.03203144324,
        0.05285511224,
        0.03427616224,
        0.03761030524,
        0.02721250324,
        0.02451667424,
        0.03181904924,
        0.029261554240000005,
        0.02327358024,
        0.026051787240000002,
        0.02738981324,
        0.02470362124,
        0.029609149240000004,
        0.027239591240000003,
        0.023967458240000003,
        0.02171830924,
        0.025942092240000002
      ],