{
  "results": [
    {
      "command": "curl -X GET localhost:8080",
      "mean": 0.024150377249999994,
      "stddev": 0.007647643783084784,
      "median": 0.02281157564,
      "user": 0.006431139999999998,
      "system": 0.0034803699999999987,
      "min": 0.017207756640000002,
      "max": 0.062487012640000006,
      "times": [
        0.03767118164,
        0.02283013964,
        0.02276616764,
        0.05813335964000001,
        0.02709619664,
        0.023704101640000003,
        0.02257737664,
        0.024466803640000003,
        0.023629862640000002,
        0.020007407640000002,
        0.02109877064,
        0.02477970364,
        0.02544748364,
        0.020406050640000003,
        0.018705583640000002,
        0.021569172640000002,
        0.024919209640000002,
        0.02132427064,
        0.02341680464,
        0.02186192964,
        0.01833411864,
        0.019661922640000003,
        0.02647385064,
        0.02109299664,
        0.019549545640000002,
        0.02198384964,
        0.020242749640000002,
        0.01783611664,
        0.022671875640000002,
        0.023180278640000003,
        0.017207756640000002,
        0.02047110764,
        0.02288117064,
        0.01903340664,
        0.018966598640000002,
        0.025710524640000003,
        0.02034902664,
        0.01925839664,
        0.03999532964,
        0.054702133640000004,
        0.03058461764,
        0.02932465964,
        0.03692828464,
        0.02327841564,
        0.062487012640000006,
        0.04757757864,
        0.022828198640000002,
        0.023993689640000003,
        0.02540419264,
        0.02217741564,
        0.018227769640000002,
        0.02286905664,
        0.022470262640000002,
        0.019497960640000003,
        0.02500919364,
        0.023720652640000003,
        0.023228350640000003,
        0.01796212964,
        0.022856058640000003,
        0.019519883640000003,
        0.018946249640000003,
        0.01997816564,
        0.02527730464,
        0.020595424640000002,
        0.02279495264,
        0.022125463640000002,
        0.018394545640000003,
        0.01847783264,
        0.02339072864,
        0.02309386164,
        0.02066569064,
        0.02446476664,
        0.02766141364,
        0.02413486364,
        0.01857932964,
        0.02049738464,
        0.02301005864,
        0.02298511164,
        0.01928544264,
        0.01949032564,
        0.01873691764,
        0.020312657640000002,
        0.021008054640000003,
        0.02593461664,
        0.02736471764,
        0.02082734764,
        0.02112038864,
        0.027778267640000003,
        0.02860477164,
        0.02555047564,
        0.019618524640000003,
        0.02462443664,
        0.028160184640000002,
        0.02385011864,
        0.01914352764,
        0.02496487864,
        0.022261003640000002,
        0.02312335164,
        0.018838164640000002,
        0.02340668564
      ],
      "exit_codes": [
        0,
        0,
        0,
        0,
        0,
        0,
        0,
        0,
        0,
        0,
        0,
        0,
        0,
        0,
        0,
        0,
        0,
        0,
        0,
        0,
        0,
        0,
        0,
        0,
        0,
        0,
        0,
        0,
        0,
        0,
        0,
        0,
        0,
        0,
        0,
        0,
        0,
        0,
        0,
        0,
        0,
        0,
        0,
        0,
        0,
        0,
        0,
        0,
        0,
        0,
        0,
        0,
        0,
        0,
        0,
        0,
        0,
        0,
        0,
        0,
        0,
        0,
        0,
        0,
        0,
        0,
        0,
        0,
        0,
        0,
        0,
        0,
        0,
        0,
        0,
        0,
        0,
        0,
        0,
        0,
        0,
        0,
        0,
        0,
        0,
        0,
        0,
        0,
        0,
        0,
        0,
        0,
        0,
        0,
        0,
        0,
        0,
        0,
        0,
        0
      ]
    },
    {
      "command": "curl -b wordle.cookie -X GET localhost:8080",
      "mean": 0.022871151819999994,
      "stddev": 0.004360542374803388,
      "median": 0.02213682264,
      "user": 0.006446529999999998,
      "system": 0.0034541199999999998,
      "min": 0.01755316964,
      "max": 0.04190340564,
      "times": [
        0.01832677164,
        0.02435786664,
        0.02401879564,
        0.01812598264,
        0.02557437664,
        0.02979791264,
        0.022256647640000002,
        0.01878046464,
        0.02235246164,
        0.02821269464,
        0.02320518564,
        0.01961767064,
        0.01846395864,
        0.023283744640000003,
        0.02451588064,
        0.01974775364,
        0.025468797640000002,
        0.028046730640000003,
        0.02305261964,
        0.01861561564,
        0.02235700964,
        0.02745158864,
        0.02399009464,
        0.01927586064,
        0.01822185964,
        0.02074467164,
        0.01755316964,
        0.01908870664,
        0.02247545464,
        0.019533212640000002,
        0.02295102064,
        0.018580800640000002,
        0.020819632640000002,
        0.02287938364,
        0.02836802964,
        0.024678105640000003,
        0.033879709640000005,
        0.034375889640000004,
        0.023954918640000003,
        0.018763456640000002,
        0.017939103640000002,
        0.02202119764,
        0.01903501364,
        0.018382509640000003,
        0.02848618064,
        0.025493074640000002,
        0.02364023464,
        0.01894738064,
        0.022052826640000002,
        0.02005482364,
        0.017892547640000003,
        0.020879970640000002,
        0.02174677364,
        0.01922002164,
        0.023122176640000002,
        0.02767969664,
        0.02372957564,
        0.01963884964,
        0.02262489364,
        0.021884230640000002,
        0.02022960064,
        0.02244407164,
        0.032170812640000004,
        0.024406465640000003,
        0.02816579064,
        0.01871627164,
        0.02097129064,
        0.01936166664,
        0.02567512064,
        0.02222081864,
        0.022734171640000002,
        0.020894847640000002,
        0.02544595964,
        0.019353977640000002,
        0.02023202664,
        0.02116577664,
        0.020065253640000003,
        0.02054701364,
        0.022697924640000002,
        0.021895686640000002,
        0.019782717640000003,
        0.02169380564,
        0.02788876364,
        0.03845745064,
        0.02752362564,
        0.021533049640000003,
        0.023644099640000003,
        0.02089851664,
        0.04190340564,
        0.02341589564,
        0.01803323764,
        0.01944904164,
        0.019828673640000002,
        0.02265909264,
        0.024100861640000002,
        0.02033016164,
        0.02640055364,
        0.028744352640000005,
        0.021938160640000003,
        0.01925957864
      ],