{
  "results": [
    {
      "command": "curl -X GET localhost:8080",
      "mean": 0.0237238586,
      "stddev": 0.008219344549468943,
      "median": 0.0215426937,
      "user": 0.00627525,
      "system": 0.003416480000000001,
      "min": 0.0180976207,
      "max": 0.0734348417,
      "times": [
        0.0210143787,
        0.0237728397,
        0.0268109037,
        0.0207046687,
        0.0266303887,
        0.0246226467,
        0.031407786699999996,
        0.029533815700000004,
        0.028757793700000003,
        0.0227851007,
        0.0181665107,
        0.0203711947,
        0.0191719737,
        0.028242533700000003,
        0.021308430700000002,
        0.0226624467,
        0.019304406700000002,
        0.0265462297,
        0.0206680927,
        0.019238294700000002,
        0.0206479977,
        0.029978698700000004,
        0.021759265700000002,
        0.0235454967,
        0.0201453757,
        0.0288831277,
        0.0212189627,
        0.0210492907,
        0.0216762887,
        0.028037039700000002,
        0.0211165717,
        0.0216433367,
        0.0205036667,
        0.027123333700000002,
        0.0215004647,
        0.0220014527,
        0.0222485577,
        0.0273690777,
        0.021995799700000002,
        0.0218286227,
        0.0189462487,
        0.0265262047,
        0.019200466700000002,
        0.0191369267,
        0.0203364067,
        0.026216495700000002,
        0.0196426447,
        0.0192386397,
        0.0202046807,
        0.0181093797,
        0.0231172147,
        0.0191947147,
        0.0186468397,
        0.0190888657,
        0.0286983277,
        0.021664414700000002,
        0.0227037567,
        0.020170865700000002,
        0.024702168700000002,
        0.0180976207,
        0.0229856287,
        0.0228926557,
        0.0238065547,
        0.0194997197,
        0.062182582699999996,
        0.0623267127,
        0.0230067887,
        0.0238929527,
        0.0186928717,
        0.0225933387,
        0.019647445700000002,
        0.025754308700000002,
        0.0210129727,
        0.0233646687,
        0.0205935607,
        0.030585535700000003,
        0.0196056857,
        0.0197928437,
        0.0192733527,
        0.0207158877,
        0.0208688287,
        0.019218816700000002,
        0.0194433997,
        0.0193806887,
        0.021335415700000002,
        0.0193549077,
        0.0201342477,
        0.0211670037,
        0.0272244547,
        0.0195582267,
        0.0219191517,
        0.0196076017,
        0.029696100700000002,
        0.0196040877,
        0.0227238607,
        0.025553434700000002,
        0.0734348417,
        0.021584922700000002,
        0.0280069197,
        0.020707132700000002
      ],
      "exit_codes": [
        0,
        0,
        0,
        0,
        0,
        0,
        0,
        0,
        0,
        0,
        0,
        0,
        0,
        0,
        0,
        0,
        0,
        0,
        0,
        0,
        0,
        0,
        0,
        0,
        0,
        0,
        0,
        0,
        0,
        0,
        0,
        0,
        0,
        0,
        0,
        0,
        0,
        0,
        0,
        0,
        0,
        0,
        0,
        0,
        0,
        0,
        0,
        0,
        0,
        0,
        0,
        0,
        0,
        0,
        0,
        0,
        0,
        0,
        0,
        0,
        0,
        0,
        0,
        0,
        0,
        0,
        0,
        0,
        0,
        0,
        0,
        0,
        0,
        0,
        0,
        0,
        0,
        0,
        0,
        0,
        0,
        0,
        0,
        0,
        0,
        0,
        0,
        0,
        0,
        0,
        0,
        0,
        0,
        0,
        0,
        0,
        0,
        0,
        0,
        0
      ]
    },
    {
      "command": "curl -b wordle.cookie -X GET localhost:8080",
      "mean": 0.022545822479999998,
      "stddev": 0.003926425137424586,
      "median": 0.0214515192,
      "user": 0.006291979999999997,
      "system": 0.0034555300000000005,
      "min": 0.0178219787,
      "max": 0.0401116897,
      "times": [
        0.022222611700000002,
        0.0222777067,
        0.0275427287,
        0.0237443947,
        0.0228964397,
        0.0205023877,
        0.024572792700000002,
        0.0199244637,
        0.0197328187,
        0.0192814407,
        0.026683280700000003,
        0.0204688737,
        0.0243852807,
        0.019685181700000002,
        0.029789592700000003,
        0.0209755047,
        0.020173047700000002,
        0.0197295917,
        0.0259374807,
        0.020177417700000002,
        0.0181821037,
        0.0197136647,
        0.0190330877,
        0.0233639857,
        0.0279688067,
        0.0353128397,
        0.0225972407,
        0.021113844700000002,
        0.0216359157,
        0.0235899297,
        0.0231554447,
        0.0202389037,
        0.0199521197,
        0.0202710177,
        0.0275713907,
        0.022297839700000002,
        0.023363215700000002,
        0.0212514457,
        0.0259496487,
        0.0219342187,
        0.0197879847,
        0.0223797337,
        0.0264463207,
        0.0191838267,
        0.0228125977,
        0.0201459537,
        0.0401116897,
        0.0212820337,
        0.0238217197,
        0.028056028700000003,
        0.0229159827,
        0.018385077700000002,
        0.0198497917,
        0.019639067700000002,
        0.0192083667,
        0.0190871377,
        0.0195869047,
        0.0194421757,
        0.0297143597,
        0.0208538337,
        0.0216240907,
        0.0232922827,
        0.0265736557,
        0.0202881177,
        0.0199469507,
        0.0220973247,
        0.029165132700000002,
        0.019636345700000002,
        0.0216210047,
        0.019508926700000002,
        0.0275942537,
        0.019588998700000002,
        0.0204015377,
        0.0202144857,
        0.0267994547,
        0.0208679137,
        0.0198158117,
        0.0200736897,
        0.023339176700000002,
        0.022672511700000002,
        0.0192543757,
        0.019831498700000002,
        0.0196372177,
        0.0178219787,
        0.0206771537,
        0.0233448357,
        0.022495088700000002,
        0.0315518917,
        0.022671324700000002,
        0.0178371337,
        0.0188013947,
        0.0241085657,
        0.0207045047,
        0.0236604747,
        0.0211192017,
        0.023349590700000002,
        0.0193920717,
        0.0222849627,
        0.0230194667,
        0.0359875617
      ],
      "exit_codes": [
        0,
        0,
        0,
        0,
        0,
        0,
        0,
        0,
        0,
        0,
        0,
        0,
        0,
        0,
        0,
        0,
        0,
        0,
        0,
        0,
        0,
        0,
        0,
        0,
        0,
        0,
        0,
        0,
        0,
        0,
        0,
        0,
        0,
        0,
        0,
        0,
        0,
        0,
        0,
        0,
        0,
        0,
        0,
        0,
        0,
        0,
        0,
        0,
        0,
        0,
        0,
        0,
        0,
        0,
        0,
        0,
        0,
        0,
        0,
        0,
        0,
        0,
        0,
        0,
        0,
        0,
        0,
        0,
        0,
        0,
        0,
        0,
        0,
        0,
        0,
        0,
        0,
        0,
        0,
        0,
        0,
        0,
        0,
        0,
        0,
        0,
        0,
        0,
        0,
        0,
        0,
        0,
        0,
        0,
        0,
        0,
        0,
        0,
        0,
        0
      ]
    }
  ]
}
