{
  "results": [
    {
      "command": "curl -b wordle.cookie -X GET localhost:8080/api/v1/game/625cc4b59545aba35b679596/state",
      "mean": 0.02504156283,
      "stddev": 0.0039634528545799946,
      "median": 0.023975540960000003,
      "user": 0.006367919999999999,
      "system": 0.003336589999999999,
      "min": 0.020270170960000004,
      "max": 0.04737789896,
      "times": [
        0.027238056960000003,
        0.022756222960000003,
        0.021114695960000002,
        0.023981091960000003,
        0.022915411960000003,
        0.021504554960000002,
        0.021365359960000004,
        0.023969989960000004,
        0.022608256960000003,
        0.023241475960000004,
        0.021902583960000003,
        0.04737789896,
        0.023432115960000003,
        0.023352055960000003,
        0.02197784896,
        0.022920875960000003,
        0.023286345960000003,
        0.022679878960000004,
        0.02604274796,
        0.023519530960000003,
        0.026268789960000004,
        0.025189308960000004,
        0.02608473596,
        0.030806150960000004,
        0.02947592296,
        0.03210532696,
        0.03233898296,
        0.023168279960000003,
        0.023080455960000003,
        0.024561988960000003,
        0.024577503960000004,
        0.024645020960000003,
        0.022784874960000003,
        0.026698711960000003,
        0.02338676296,
        0.022112105960000003,
        0.025064868960000004,
        0.03125466196,
        0.026488087960000004,
        0.021980317960000002,
        0.023764596960000002,
        0.027939466960000003,
        0.020270170960000004,
        0.022938018960000004,
        0.02864507296,
        0.021969161960000004,
        0.02237939896,
        0.023080694960000002,
        0.027854975960000004,
        0.022129765960000002,
        0.022412502960000004,
        0.022297583960000002,
        0.027580600960000003,
        0.024018326960000003,
        0.022648321960000002,
        0.025944794960000003,
        0.02546186896,
        0.022697465960000003,
        0.023013592960000002,
        0.027981484960000004,
        0.021710958960000002,
        0.02230244996,
        0.025725906960000003,
        0.03085760896,
        0.024151277960000002,
        0.022558479960000002,
        0.022616430960000003,
        0.02881551596,
        0.02607894096,
        0.02248607496,
        0.03146321196,
        0.02619832596,
        0.021588673960000002,
        0.02153803296,
        0.024310108960000004,
        0.02404781396,
        0.02468012496,
        0.02655547596,
        0.02498516396,
        0.02440470696,
        0.02261413396,
        0.03680515896,
        0.025090136960000002,
        0.027411040960000004,
        0.03409689196,
        0.021772962960000003,
        0.024210441960000002,
        0.022941691960000003,
        0.025404291960000002,
        0.020542788960000002,
        0.024337642960000003,
        0.022521204960000003,
        0.02270700096,
        0.023252447960000002,
        0.023617553960000003,
        0.028229894960000005,
        0.02463843896,
        0.024555699960000003,
        0.022260933960000003,
        0.03578290696
      ],
      "exit_codes": [
        0,
        0,
        0,
        0,
        0,
        0,
        0,
        0,
        0,
        0,
        0,
        0,
        0,
        0,
        0,
        0,
        0,
        0,
        0,
        0,
        0,
        0,
        0,
        0,
        0,
        0,
        0,
        0,
        0,
        0,
        0,
        0,
        0,
        0,
        0,
        0,
        0,
        0,
        0,
        0,
        0,
        0,
        0,
        0,
        0,
        0,
        0,
        0,
        0,
        0,
        0,
        0,
        0,
        0,
        0,
        0,
        0,
        0,
        0,
        0,
        0,
        0,
        0,
        0,
        0,
        0,
        0,
        0,
        0,
        0,
        0,
        0,
        0,
        0,
        0,
        0,
        0,
        0,
        0,
        0,
        0,
        0,
        0,
        0,
        0,
        0,
        0,
        0,
        0,
        0,
        0,
        0,
        0,
        0,
        0,
        0,
        0,
        0,
        0,
        0
      ]
    }
  ]
}
