{
  "results": [
    {
      "command": "curl -b wordle.cookie -X GET localhost:8080/api/v1/game/625ccaf59545aba35b67974e/state",
      "mean": 0.025662941949999997,
      "stddev": 0.005462279977956812,
      "median": 0.02442712244,
      "user": 0.006686249999999998,
      "system": 0.003640030000000001,
      "min": 0.02072856444,
      "max": 0.06842705344000001,
      "times": [
        0.02525114744,
        0.020747708440000002,
        0.02352938044,
        0.033248598440000006,
        0.032161592440000004,
        0.02480710444,
        0.03123176444,
        0.02302560744,
        0.03039804944,
        0.027695870440000003,
        0.02521175644,
        0.02187286244,
        0.033576100440000006,
        0.03090533044,
        0.02186311144,
        0.02416169244,
        0.02706133344,
        0.023838951440000002,
        0.024537565440000002,
        0.026202723440000002,
        0.02531831944,
        0.02482962344,
        0.025818574440000002,
        0.02304769544,
        0.02278487744,
        0.02126960844,
        0.02394338544,
        0.021660241440000002,
        0.02495865944,
        0.02330307444,
        0.023255232440000002,
        0.02235586144,
        0.02432199544,
        0.02529315144,
        0.02718159444,
        0.027653317440000002,
        0.023880511440000002,
        0.02268145744,
        0.022227995440000002,
        0.02211504044,
        0.02344398844,
        0.022229840440000002,
        0.02472467944,
        0.02711862344,
        0.02606342244,
        0.02572898144,
        0.02211546844,
        0.024861918440000002,
        0.02225126444,
        0.02374870044,
        0.022399530440000003,
        0.022916069440000002,
        0.02421225644,
        0.028892360440000004,
        0.02561839544,
        0.02453224944,
        0.02259632844,
        0.02793544544,
        0.03002722044,
        0.02596092544,
        0.033837152440000004,
        0.030230321440000003,
        0.026109501440000002,
        0.023792540440000003,
        0.022066070440000002,
        0.023158101440000002,
        0.02342891444,
        0.022394560440000003,
        0.02223599644,
        0.02343710244,
        0.02170393044,
        0.02187089944,
        0.025153529440000003,
        0.02593135544,
        0.027150256440000003,
        0.02898574344,
        0.028765623440000002,
        0.023592629440000002,
        0.021459425440000002,
        0.02529318044,
        0.06842705344000001,
        0.028100645440000002,
        0.034727283440000006,
        0.02531784344,
        0.034789006440000006,
        0.026792025440000002,
        0.026788340440000002,
        0.03079374744,
        0.02327683444,
        0.02163472244,
        0.022002112440000002,
        0.02958946944,
        0.029817948440000002,
        0.02270501544,
        0.02390581044,
        0.02128376544,
        0.02340203544,
        0.02249149644,
        0.02251750344,
        0.02072856444
      ],
      "exit_codes": [
        0,
        0,
        0,
        0,
        0,
        0,
        0,
        0,
        0,
        0,
        0,
        0,
        0,
        0,
        0,
        0,
        0,
        0,
        0,
        0,
        0,
        0,
        0,
        0,
        0,
        0,
        0,
        0,
        0,
        0,
        0,
        0,
        0,
        0,
        0,
        0,
        0,
        0,
        0,
        0,
        0,
        0,
        0,
        0,
        0,
        0,
        0,
        0,
        0,
        0,
        0,
        0,
        0,
        0,
        0,
        0,
        0,
        0,
        0,
        0,
        0,
        0,
        0,
        0,
        0,
        0,
        0,
        0,
        0,
        0,
        0,
        0,
        0,
        0,
        0,
        0,
        0,
        0,
        0,
        0,
        0,
        0,
        0,
        0,
        0,
        0,
        0,
        0,
        0,
        0,
        0,
        0,
        0,
        0,
        0,
        0,
        0,
        0,
        0,
        0
      ]
    }
  ]
}
