{
  "results": [
    {
      "command": "curl -b wordle.cookie -X GET localhost:8080/api/v1/game/625cc8e0c00b10bd84911343/state",
      "mean": 0.027054900379999993,
      "stddev": 0.00432950045423316,
      "median": 0.026243526420000003,
      "user": 0.006578689999999998,
      "system": 0.003598880000000001,
      "min": 0.01921293692,
      "max": 0.04837900892,
      "times": [
        0.03344909192,
        0.02520450392,
        0.02416268292,
        0.02484521292,
        0.02264075192,
        0.02714383692,
        0.02661777892,
        0.02386006292,
        0.02504742992,
        0.02350770492,
        0.028753138920000004,
        0.02969007992,
        0.02941590392,
        0.02620015392,
        0.03059544392,
        0.02725998792,
        0.02333594492,
        0.02602241492,
        0.029168085920000003,
        0.03043408792,
        0.02704296292,
        0.026343085920000002,
        0.02455756692,
        0.02493276492,
        0.02267472192,
        0.02780327992,
        0.02434436492,
        0.02708506892,
        0.02785024892,
        0.02244905492,
        0.04837900892,
        0.03808232592,
        0.02719813592,
        0.03209091092,
        0.03210433892,
        0.02610385292,
        0.02375627692,
        0.02171750592,
        0.02265427992,
        0.034945870920000004,
        0.02054416192,
        0.02339854992,
        0.02793048992,
        0.02763206392,
        0.02449953592,
        0.02628747692,
        0.028964807920000002,
        0.026128724920000002,
        0.02380864292,
        0.026708106920000002,
        0.02336833192,
        0.02468367692,
        0.02437115692,
        0.03219801292,
        0.02938410592,
        0.03048445792,
        0.030235817919999998,
        0.02586318592,
        0.03017857192,
        0.02847244092,
        0.03764576292,
        0.02532272392,
        0.02361892492,
        0.02362359192,
        0.02318040692,
        0.03193090792,
        0.02842644592,
        0.029953084919999998,
        0.02623881092,
        0.03804801092,
        0.024950378920000002,
        0.02195038492,
        0.02309320992,
        0.02302806692,
        0.02207955592,
        0.01921293692,
        0.026248241920000002,
        0.02534892492,
        0.029750663920000003,
        0.03586465492,
        0.022865767920000002,
        0.02586530692,
        0.02207859192,
        0.02285245592,
        0.02504323192,
        0.028450259920000002,
        0.02412976192,
        0.028197120920000002,
        0.02754066492,
        0.02382645992,
        0.02930060392,
        0.03250188292,
        0.02555643192,
        0.02356545192,
        0.03022873192,
        0.02751915492,
        0.030622764920000003,
        0.02859800792,
        0.026759460920000002,
        0.02585998692
      ],
      "exit_codes": [
        0,
        0,
        0,
        0,
        0,
        0,
        0,
        0,
        0,
        0,
        0,
        0,
        0,
        0,
        0,
        0,
        0,
        0,
        0,
        0,
        0,
        0,
        0,
        0,
        0,
        0,
        0,
        0,
        0,
        0,
        0,
        0,
        0,
        0,
        0,
        0,
        0,
        0,
        0,
        0,
        0,
        0,
        0,
        0,
        0,
        0,
        0,
        0,
        0,
        0,
        0,
        0,
        0,
        0,
        0,
        0,
        0,
        0,
        0,
        0,
        0,
        0,
        0,
        0,
        0,
        0,
        0,
        0,
        0,
        0,
        0,
        0,
        0,
        0,
        0,
        0,
        0,
        0,
        0,
        0,
        0,
        0,
        0,
        0,
        0,
        0,
        0,
        0,
        0,
        0,
        0,
        0,
        0,
        0,
        0,
        0,
        0,
        0,
        0,
        0
      ]
    }
  ]
}
