{
  "results": [
    {
      "command": "curl -b wordle.cookie -X GET localhost:8080/api/v1/manage/625cc8d1c00b10bd84911320",
      "mean": 0.030387795560000007,
      "stddev": 0.005957056578503643,
      "median": 0.029082319500000002,
      "user": 0.007331249999999999,
      "system": 0.00411981,
      "min": 0.024039041500000004,
      "max": 0.0627849035,
      "times": [
        0.0296204525,
        0.0348744405,
        0.029652802500000002,
        0.0349955245,
        0.0317942325,
        0.0268036905,
        0.029899794500000004,
        0.0331195745,
        0.0285653225,
        0.025802058500000002,
        0.028342205500000002,
        0.026304255500000002,
        0.0266553495,
        0.026698282500000003,
        0.028445579500000002,
        0.027033762500000003,
        0.0358001255,
        0.0315343585,
        0.0277141945,
        0.0291116355,
        0.028005563500000004,
        0.027179539500000002,
        0.0347386615,
        0.0334246365,
        0.028824492500000003,
        0.027289713500000003,
        0.026262195500000002,
        0.0287100855,
        0.026318232500000004,
        0.0271413895,
        0.0302425815,
        0.026714384500000004,
        0.0355677015,
        0.029133113500000005,
        0.0256574965,
        0.028395470500000002,
        0.029571419500000005,
        0.030262719500000004,
        0.028996816500000005,
        0.0293573265,
        0.0262495485,
        0.025255219500000002,
        0.0277633995,
        0.0241531975,
        0.028982435500000004,
        0.0327105845,
        0.0306636035,
        0.0281568225,
        0.0312996365,
        0.0360709695,
        0.0270982425,
        0.027100847500000004,
        0.028801984500000006,
        0.026456095500000002,
        0.0274667245,
        0.029159643500000002,
        0.0300377215,
        0.0307648215,
        0.0366365915,
        0.029324517500000005,
        0.025465861500000003,
        0.031104752500000003,
        0.029135769500000002,
        0.027167668500000002,
        0.0296026955,
        0.0296573395,
        0.0331312695,
        0.027245839500000004,
        0.024960006500000003,
        0.0259973645,
        0.026165828500000002,
        0.029232737500000005,
        0.024976326500000003,
        0.0260274025,
        0.0310181045,
        0.033971813499999996,
        0.029944512500000003,
        0.0310124875,
        0.031787921499999996,
        0.0316860195,
        0.0374629175,
        0.0286508145,
        0.0527835275,
        0.0289012745,
        0.0260344415,
        0.0285496205,
        0.0627849035,
        0.029053003500000004,
        0.0324199025,
        0.028141288500000004,
        0.0456700335,
        0.0567069905,
        0.030770670500000003,
        0.0335476315,
        0.0390267295,
        0.026468624500000003,
        0.0294535485,
        0.0336774805,
        0.0266316015,
        0.024039041500000004
      ],
      "exit_codes": [
        0,
        0,
        0,
        0,
        0,
        0,
        0,
        0,
        0,
        0,
        0,
        0,
        0,
        0,
        0,
        0,
        0,
        0,
        0,
        0,
        0,
        0,
        0,
        0,
        0,
        0,
        0,
        0,
        0,
        0,
        0,
        0,
        0,
        0,
        0,
        0,
        0,
        0,
        0,
        0,
        0,
        0,
        0,
        0,
        0,
        0,
        0,
        0,
        0,
        0,
        0,
        0,
        0,
        0,
        0,
        0,
        0,
        0,
        0,
        0,
        0,
        0,
        0,
        0,
        0,
        0,
        0,
        0,
        0,
        0,
        0,
        0,
        0,
        0,
        0,
        0,
        0,
        0,
        0,
        0,
        0,
        0,
        0,
        0,
        0,
        0,
        0,
        0,
        0,
        0,
        0,
        0,
        0,
        0,
        0,
        0,
        0,
        0,
        0,
        0
      ]
    }
  ]
}
