{
  "results": [
    {
      "command": "curl -b wordle.cookie -X GET localhost:8080/api/v1/manage/625ccae79545aba35b679723",
      "mean": 0.02739345364,
      "stddev": 0.0038855675135146647,
      "median": 0.026476933440000003,
      "user": 0.0067067800000000025,
      "system": 0.00368877,
      "min": 0.022254321440000002,
      "max": 0.04340846444,
      "times": [
        0.031269269440000004,
        0.027878203440000002,
        0.04340846444,
        0.02829555744,
        0.02617432444,
        0.028360955440000002,
        0.028339347440000003,
        0.02555820044,
        0.02246594744,
        0.02341514944,
        0.026670128440000003,
        0.027071051440000004,
        0.02450593644,
        0.024773413440000003,
        0.024171846440000002,
        0.02512946644,
        0.025727775440000003,
        0.026382946440000003,
        0.02415237144,
        0.02602204744,
        0.022254321440000002,
        0.028198547440000003,
        0.026812008440000003,
        0.02743106144,
        0.03128742744,
        0.02682429344,
        0.025077200440000003,
        0.025224016440000004,
        0.02649562244,
        0.027941004440000004,
        0.026895299440000003,
        0.02990767044,
        0.03030120244,
        0.024706267440000002,
        0.02445701444,
        0.02472093444,
        0.02424734544,
        0.02367204544,
        0.026543712440000002,
        0.026928216440000003,
        0.024521772440000002,
        0.02299735144,
        0.03169521344,
        0.03152318944,
        0.026065806440000002,
        0.023664752440000002,
        0.02568551444,
        0.02621220444,
        0.032959315440000005,
        0.02570784544,
        0.023555477440000003,
        0.02489417944,
        0.03398297344,
        0.033476651440000005,
        0.030532876440000002,
        0.031177686440000005,
        0.02580519544,
        0.026157590440000003,
        0.030753372440000003,
        0.02901915244,
        0.02536855744,
        0.03881472544,
        0.028859039440000005,
        0.024069518440000003,
        0.025397196440000002,
        0.02675643944,
        0.02695970844,
        0.023262022440000002,
        0.025262589440000004,
        0.024031466440000003,
        0.025319305440000002,
        0.026214955440000003,
        0.02305461644,
        0.02758217744,
        0.024450345440000004,
        0.025177483440000002,
        0.027008199440000002,
        0.030837873440000003,
        0.026945422440000002,
        0.02746414544,
        0.029006686440000005,
        0.027377726440000003,
        0.02645824444,
        0.024675492440000002,
        0.02330280544,
        0.03437714544,
        0.031603732440000004,
        0.02831333444,
        0.024793545440000002,
        0.027961355440000002,
        0.027477586440000003,
        0.02583530444,
        0.028378026440000002,
        0.022388647440000003,
        0.02464922844,
        0.04246382244,
        0.036909659440000006,
        0.034111987440000005,
        0.03071478844,
        0.02562472144
      ],
      "exit_codes": [
        0,
        0,
        0,
        0,
        0,
        0,
        0,
        0,
        0,
        0,
        0,
        0,
        0,
        0,
        0,
        0,
        0,
        0,
        0,
        0,
        0,
        0,
        0,
        0,
        0,
        0,
        0,
        0,
        0,
        0,
        0,
        0,
        0,
        0,
        0,
        0,
        0,
        0,
        0,
        0,
        0,
        0,
        0,
        0,
        0,
        0,
        0,
        0,
        0,
        0,
        0,
        0,
        0,
        0,
        0,
        0,
        0,
        0,
        0,
        0,
        0,
        0,
        0,
        0,
        0,
        0,
        0,
        0,
        0,
        0,
        0,
        0,
        0,
        0,
        0,
        0,
        0,
        0,
        0,
        0,
        0,
        0,
        0,
        0,
        0,
        0,
        0,
        0,
        0,
        0,
        0,
        0,
        0,
        0,
        0,
        0,
        0,
        0,
        0,
        0
      ]
    }
  ]
}
