{
  "results": [
    {
      "command": "curl -b wordle.cookie -X GET localhost:8080/api/v1/manage/625cc4a77ece1e8479569c95",
      "mean": 0.027910110220000003,
      "stddev": 0.003970617252354021,
      "median": 0.027030824380000002,
      "user": 0.006505699999999996,
      "system": 0.0036362799999999995,
      "min": 0.022463838880000003,
      "max": 0.03973309088,
      "times": [
        0.02644284088,
        0.030929664880000006,
        0.026800894880000002,
        0.03032721488,
        0.024522336880000002,
        0.028816371880000004,
        0.02691889688,
        0.028608774880000007,
        0.030619442880000007,
        0.029544660880000004,
        0.028258142880000003,
        0.03483394288,
        0.030818033880000005,
        0.03167932188000001,
        0.03278155388,
        0.02364943788,
        0.024360802880000004,
        0.031841463880000004,
        0.02603208788,
        0.02730936188,
        0.02554898288,
        0.024971513880000004,
        0.023014722880000005,
        0.02545027288,
        0.03148771688,
        0.027169567880000002,
        0.029581794880000005,
        0.025216969880000002,
        0.028835680880000006,
        0.027844386880000002,
        0.026999810880000003,
        0.03185933188,
        0.02569767688,
        0.02547513488,
        0.02922960888,
        0.02502931488,
        0.024201621880000003,
        0.025181120880000005,
        0.028151859880000005,
        0.024824589880000004,
        0.02404240288,
        0.03278885888,
        0.025616302880000004,
        0.027021192880000003,
        0.026046484880000005,
        0.02518109188,
        0.025358711880000002,
        0.028660195880000003,
        0.03423264988000001,
        0.025683789880000002,
        0.02353635588,
        0.02421065988,
        0.034747562880000006,
        0.02704045588,
        0.03104618488,
        0.02509744488,
        0.02465447488,
        0.028510248880000005,
        0.03797787088000001,
        0.02691019688,
        0.02760710988,
        0.039647318880000004,
        0.02570011688,
        0.028261505880000003,
        0.02720359588,
        0.02745888088,
        0.029779602880000006,
        0.029890443880000006,
        0.02565935188,
        0.02462549788,
        0.02394201588,
        0.03570938288,
        0.02573122688,
        0.028013823880000004,
        0.03942142088,
        0.027255322880000002,
        0.03853451688,
        0.027554449880000005,
        0.024822128880000002,
        0.029905387880000002,
        0.03973309088,
        0.02608535688,
        0.024497342880000002,
        0.02865143388,
        0.022463838880000003,
        0.022742602880000004,
        0.023756129880000004,
        0.034879787880000006,
        0.022535907880000004,
        0.02409995888,
        0.028843707880000007,
        0.02710029388,
        0.02577982888,
        0.025446640880000003,
        0.030439367880000005,
        0.022550937880000003,
        0.02278066988,
        0.030822184880000006,
        0.02588943388,
        0.025959335880000003
      ],
      "exit_codes": [
        0,
        0,
        0,
        0,
        0,
        0,
        0,
        0,
        0,
        0,
        0,
        0,
        0,
        0,
        0,
        0,
        0,
        0,
        0,
        0,
        0,
        0,
        0,
        0,
        0,
        0,
        0,
        0,
        0,
        0,
        0,
        0,
        0,
        0,
        0,
        0,
        0,
        0,
        0,
        0,
        0,
        0,
        0,
        0,
        0,
        0,
        0,
        0,
        0,
        0,
        0,
        0,
        0,
        0,
        0,
        0,
        0,
        0,
        0,
        0,
        0,
        0,
        0,
        0,
        0,
        0,
        0,
        0,
        0,
        0,
        0,
        0,
        0,
        0,
        0,
        0,
        0,
        0,
        0,
        0,
        0,
        0,
        0,
        0,
        0,
        0,
        0,
        0,
        0,
        0,
        0,
        0,
        0,
        0,
        0,
        0,
        0,
        0,
        0,
        0
      ]
    }
  ]
}
