{
  "results": [
    {
      "command": "curl -b wordle.cookie -X POST -d '{\"guess\": [\"h\", \"o\", \"t\", \"e\", \"l\"]}' localhost:8080/api/v1/game/625ccaf19545aba35b67974c/play",
      "mean": 0.03213333337,
      "stddev": 0.008794806722391977,
      "median": 0.030227439680000003,
      "user": 0.007199699999999996,
      "system": 0.003968060000000001,
      "min": 0.02303946818,
      "max": 0.09122278718,
      "times": [
        0.04017067018000001,
        0.028720087180000003,
        0.027666062180000003,
        0.04355436118,
        0.031562320180000006,
        0.028285605180000003,
        0.02659499418,
        0.025783335180000002,
        0.07179917018,
        0.031980922179999996,
        0.029360012180000002,
        0.030991579180000003,
        0.02765834618,
        0.032027774179999996,
        0.03130671118,
        0.029764208180000005,
        0.034417260180000006,
        0.04167665718000001,
        0.02960495518,
        0.02729969918,
        0.06630922018,
        0.09122278718,
        0.03513666118,
        0.03037788118,
        0.027321347180000004,
        0.03097252218,
        0.030972096180000002,
        0.03005318318,
        0.028677782180000003,
        0.029255630180000002,
        0.029548561180000005,
        0.029623090180000002,
        0.028227962180000003,
        0.027634818180000003,
        0.031953828180000005,
        0.025959609180000003,
        0.03258904218,
        0.029930209180000004,
        0.028088552180000004,
        0.02515056618,
        0.026483556180000003,
        0.031303226180000004,
        0.032656741180000004,
        0.02939671818,
        0.03208653818,
        0.03302640918000001,
        0.03213918618,
        0.03671787618,
        0.04159809818,
        0.03385396718,
        0.03083974318,
        0.03212172118000001,
        0.032743378180000005,
        0.028623760180000003,
        0.02524894318,
        0.02876024618,
        0.02998201418,
        0.03044347818,
        0.02623280218,
        0.03378814318000001,
        0.03500351618,
        0.027335534180000003,
        0.03160591818,
        0.029657968180000004,
        0.02303946818,
        0.029805232180000005,
        0.02694560018,
        0.02692794918,
        0.025248476180000003,
        0.02903078618,
        0.03385779918000001,
        0.03022360218,
        0.027464220180000002,
        0.029207616180000003,
        0.02922170218,
        0.03601446418,
        0.03183957918000001,
        0.030231277180000005,
        0.030092160180000004,
        0.03160760418,
        0.030111172180000003,
        0.036278545179999996,
        0.033231885180000004,
        0.03017465318,
        0.03213800618,
        0.03773469818,
        0.03426351918000001,
        0.02893448318,
        0.02524295818,
        0.03122416918,
        0.03282946518,
        0.030262420180000003,
        0.030777615180000006,
        0.02950756118,
        0.03471591418,
        0.03017014418,
        0.03234988218,
        0.030050674180000004,
        0.031566567180000005,
        0.03013190318
      ],
      "exit_codes": [
        0,
        0,
        0,
        0,
        0,
        0,
        0,
        0,
        0,
        0,
        0,
        0,
        0,
        0,
        0,
        0,
        0,
        0,
        0,
        0,
        0,
        0,
        0,
        0,
        0,
        0,
        0,
        0,
        0,
        0,
        0,
        0,
        0,
        0,
        0,
        0,
        0,
        0,
        0,
        0,
        0,
        0,
        0,
        0,
        0,
        0,
        0,
        0,
        0,
        0,
        0,
        0,
        0,
        0,
        0,
        0,
        0,
        0,
        0,
        0,
        0,
        0,
        0,
        0,
        0,
        0,
        0,
        0,
        0,
        0,
        0,
        0,
        0,
        0,
        0,
        0,
        0,
        0,
        0,
        0,
        0,
        0,
        0,
        0,
        0,
        0,
        0,
        0,
        0,
        0,
        0,
        0,
        0,
        0,
        0,
        0,
        0,
        0,
        0,
        0
      ]
    }
  ]
}
