{
  "results": [
    {
      "command": "curl -b wordle.cookie -X POST -d '{\"guess\": [\"h\", \"o\", \"t\", \"e\", \"l\"]}' localhost:8080/api/v1/game/625cc8dc9545aba35b67966b/play",
      "mean": 0.03442095146000001,
      "stddev": 0.015525454358213371,
      "median": 0.0313992156,
      "user": 0.00746578,
      "system": 0.004011539999999999,
      "min": 0.0238629496,
      "max": 0.1737563836,
      "times": [
        0.0315118366,
        0.0365823236,
        0.03816829260000001,
        0.030562656599999998,
        0.029331195600000002,
        0.1737563836,
        0.029669925599999997,
        0.0498073076,
        0.0456846746,
        0.030942416599999998,
        0.0276459996,
        0.0256935486,
        0.028596393600000002,
        0.0388674176,
        0.030699326600000004,
        0.0304130116,
        0.034250488600000004,
        0.0289869706,
        0.032482407600000006,
        0.032964057600000006,
        0.0271202836,
        0.0238629496,
        0.030436905599999998,
        0.029030373600000003,
        0.0307477436,
        0.03524090060000001,
        0.0291612056,
        0.031756465600000006,
        0.0376079786,
        0.032446275600000005,
        0.0319942646,
        0.0329306486,
        0.031401436600000006,
        0.03184675260000001,
        0.0400479326,
        0.037723347600000005,
        0.0396704416,
        0.0416038586,
        0.0328125036,
        0.032100447600000005,
        0.05685047060000001,
        0.0346929116,
        0.029066955600000003,
        0.0294133176,
        0.033247770600000004,
        0.031356153600000006,
        0.031044135599999998,
        0.0336966756,
        0.031396994600000006,
        0.0302848886,
        0.0272570396,
        0.030627569599999998,
        0.028555630600000003,
        0.035677202600000006,
        0.031191375599999998,
        0.0308315066,
        0.0319538626,
        0.033016420600000006,
        0.0281847296,
        0.033904711600000005,
        0.03319992360000001,
        0.0296337196,
        0.0295393436,
        0.030184953599999998,
        0.029344285600000002,
        0.035479516600000004,
        0.0306815396,
        0.030615629600000003,
        0.029813910600000004,
        0.0292256176,
        0.032217208600000005,
        0.04266068060000001,
        0.0261793036,
        0.0248122536,
        0.0423649046,
        0.0337203546,
        0.031121773600000003,
        0.0272205956,
        0.0289052576,
        0.028734574600000003,
        0.036417319600000005,
        0.0333510776,
        0.032386677600000004,
        0.0304257986,
        0.03244566560000001,
        0.0307289676,
        0.031218797599999997,
        0.033283098600000005,
        0.030191323600000004,
        0.0295345826,
        0.0626883366,
        0.0649263666,
        0.0333587616,
        0.0328545126,
        0.0264122276,
        0.032127172600000004,
        0.0296560366,
        0.0318879456,
        0.0338251076,
        0.0303103486
      ],
      "exit_codes": [
        0,
        0,
        0,
        0,
        0,
        0,
        0,
        0,
        0,
        0,
        0,
        0,
        0,
        0,
        0,
        0,
        0,
        0,
        0,
        0,
        0,
        0,
        0,
        0,
        0,
        0,
        0,
        0,
        0,
        0,
        0,
        0,
        0,
        0,
        0,
        0,
        0,
        0,
        0,
        0,
        0,
        0,
        0,
        0,
        0,
        0,
        0,
        0,
        0,
        0,
        0,
        0,
        0,
        0,
        0,
        0,
        0,
        0,
        0,
        0,
        0,
        0,
        0,
        0,
        0,
        0,
        0,
        0,
        0,
        0,
        0,
        0,
        0,
        0,
        0,
        0,
        0,
        0,
        0,
        0,
        0,
        0,
        0,
        0,
        0,
        0,
        0,
        0,
        0,
        0,
        0,
        0,
        0,
        0,
        0,
        0,
        0,
        0,
        0,
        0
      ]
    }
  ]
}
