{
  "results": [
    {
      "command": "curl -b wordle.cookie -X POST -d '{\"guess\": [\"h\", \"o\", \"t\", \"e\", \"l\"]}' localhost:8080/api/v1/game/625cc4b19545aba35b679594/play",
      "mean": 0.031643278790000014,
      "stddev": 0.006348825976732324,
      "median": 0.030048438860000002,
      "user": 0.0068400499999999986,
      "system": 0.0037944100000000007,
      "min": 0.023630184360000004,
      "max": 0.07233810436,
      "times": [
        0.026676635360000003,
        0.028236396360000006,
        0.032939367360000006,
        0.028495123360000006,
        0.027226976360000002,
        0.037937546360000005,
        0.03005029436,
        0.03373071836,
        0.028880858360000004,
        0.02891268836,
        0.028958739360000006,
        0.03491310336,
        0.023630184360000004,
        0.02576901536,
        0.03182795536,
        0.028225299360000004,
        0.027344900360000004,
        0.030046583360000004,
        0.038495645360000004,
        0.029715126360000003,
        0.029640890360000005,
        0.027659155360000003,
        0.030499284360000004,
        0.03523935736,
        0.03178971236,
        0.026753017360000002,
        0.028952016360000006,
        0.030216382360000002,
        0.030783083360000005,
        0.026399537360000003,
        0.030906699360000005,
        0.030239622360000003,
        0.028443703360000003,
        0.028680203360000003,
        0.07233810436,
        0.06079375236,
        0.02955199136,
        0.028382795360000004,
        0.029845501360000005,
        0.026065127360000002,
        0.03184195136,
        0.025777372360000002,
        0.028617640360000002,
        0.03868495936000001,
        0.027744606360000004,
        0.028797301360000006,
        0.037680481360000004,
        0.03020926636,
        0.025707206360000002,
        0.03516634836,
        0.027312469360000004,
        0.026756145360000004,
        0.03887776736,
        0.026965794360000003,
        0.029060992360000003,
        0.036907593360000004,
        0.028252315360000002,
        0.043436868360000006,
        0.03434675736,
        0.03264817736,
        0.03773219136,
        0.03506919136,
        0.033290415360000006,
        0.03984216636,
        0.032118905360000005,
        0.028081120360000003,
        0.032362594360000004,
        0.032131864360000005,
        0.030036632360000003,
        0.027526474360000004,
        0.030147619360000003,
        0.027427171360000002,
        0.03511514436,
        0.02990913036,
        0.02926580436,
        0.033708935360000004,
        0.03100726536,
        0.029866593360000006,
        0.03233652336,
        0.03083289636,
        0.03036585236,
        0.03331826236,
        0.029570797360000005,
        0.03253786536,
        0.028349386360000006,
        0.02936864536,
        0.02851259936,
        0.03665860036,
        0.03049919636,
        0.02863124736,
        0.03684981636,
        0.030476475360000005,
        0.03028796636,
        0.029264714360000006,
        0.027712531360000004,
        0.027037413360000002,
        0.04292969236,
        0.03270104236,
        0.03146115036,
        0.030000876360000005
      ],
      "exit_codes": [
        0,
        0,
        0,
        0,
        0,
        0,
        0,
        0,
        0,
        0,
        0,
        0,
        0,
        0,
        0,
        0,
        0,
        0,
        0,
        0,
        0,
        0,
        0,
        0,
        0,
        0,
        0,
        0,
        0,
        0,
        0,
        0,
        0,
        0,
        0,
        0,
        0,
        0,
        0,
        0,
        0,
        0,
        0,
        0,
        0,
        0,
        0,
        0,
        0,
        0,
        0,
        0,
        0,
        0,
        0,
        0,
        0,
        0,
        0,
        0,
        0,
        0,
        0,
        0,
        0,
        0,
        0,
        0,
        0,
        0,
        0,
        0,
        0,
        0,
        0,
        0,
        0,
        0,
        0,
        0,
        0,
        0,
        0,
        0,
        0,
        0,
        0,
        0,
        0,
        0,
        0,
        0,
        0,
        0,
        0,
        0,
        0,
        0,
        0,
        0
      ]
    }
  ]
}
