{
  "results": [
    {
      "command": "curl -b wordle.cookie -X POST localhost:8080/api/v1/game/625cc4ab9545aba35b67956f/register",
      "mean": 0.0271861555,
      "stddev": 0.003306778914790918,
      "median": 0.0266273043,
      "user": 0.006409819999999999,
      "system": 0.003551789999999999,
      "min": 0.0221359613,
      "max": 0.0381682493,
      "times": [
        0.028782333299999997,
        0.0241220823,
        0.027538518300000002,
        0.0239282433,
        0.0351699493,
        0.0246782353,
        0.0275873933,
        0.025878877300000002,
        0.027404263300000002,
        0.026823405300000002,
        0.0245334563,
        0.0314375223,
        0.0237568623,
        0.027628775300000002,
        0.0318278443,
        0.0233401913,
        0.0226041013,
        0.0247354673,
        0.0320013213,
        0.0277977013,
        0.0285613803,
        0.0228435593,
        0.0245951833,
        0.0273901023,
        0.0262372223,
        0.030949259300000004,
        0.0255867293,
        0.0271177883,
        0.026664011300000002,
        0.0254625913,
        0.027193377300000002,
        0.0271180753,
        0.0312931923,
        0.0233784723,
        0.028757050300000003,
        0.0235999683,
        0.0253544833,
        0.0249119273,
        0.0232122973,
        0.0293825453,
        0.0221359613,
        0.0317446573,
        0.0242402213,
        0.0277135523,
        0.0271052583,
        0.0226012613,
        0.0284210123,
        0.0294610753,
        0.0301594133,
        0.0265028623,
        0.0261806383,
        0.0238400133,
        0.0244594903,
        0.0381682493,
        0.0243530603,
        0.0305692553,
        0.027596338300000002,
        0.0240130493,
        0.0279317093,
        0.0244627323,
        0.0349454073,
        0.0248468663,
        0.028238042300000002,
        0.0257368033,
        0.0272997413,
        0.0302052903,
        0.0278908383,
        0.0268721073,
        0.0253987723,
        0.0247708463,
        0.0274857283,
        0.0263687493,
        0.0317966783,
        0.0324267353,
        0.0265905973,
        0.0260745823,
        0.0256005443,
        0.0314877163,
        0.0250536663,
        0.0244966433,
        0.0257788373,
        0.0377834983,
        0.0256335353,
        0.0238028423,
        0.0262845863,
        0.0264333603,
        0.0286658733,
        0.029600016300000004,
        0.0234849783,
        0.0254412283,
        0.0245033733,
        0.028752011299999998,
        0.0268798623,
        0.037896579300000004,
        0.0258200593,
        0.027257307300000002,
        0.0297123923,
        0.0247931653,
        0.0284000923,
        0.0252600243
      ],
      "exit_codes": [
        0,
        0,
        0,
        0,
        0,
        0,
        0,
        0,
        0,
        0,
        0,
        0,
        0,
        0,
        0,
        0,
        0,
        0,
        0,
        0,
        0,
        0,
        0,
        0,
        0,
        0,
        0,
        0,
        0,
        0,
        0,
        0,
        0,
        0,
        0,
        0,
        0,
        0,
        0,
        0,
        0,
        0,
        0,
        0,
        0,
        0,
        0,
        0,
        0,
        0,
        0,
        0,
        0,
        0,
        0,
        0,
        0,
        0,
        0,
        0,
        0,
        0,
        0,
        0,
        0,
        0,
        0,
        0,
        0,
        0,
        0,
        0,
        0,
        0,
        0,
        0,
        0,
        0,
        0,
        0,
        0,
        0,
        0,
        0,
        0,
        0,
        0,
        0,
        0,
        0,
        0,
        0,
        0,
        0,
        0,
        0,
        0,
        0,
        0,
        0
      ]
    }
  ]
}
