{
  "results": [
    {
      "command": "curl -b wordle.cookie -X POST localhost:8080/api/v1/game/625ccaebc00b10bd849113f3/register",
      "mean": 0.028155720430000003,
      "stddev": 0.008374715429297673,
      "median": 0.02699857178,
      "user": 0.006577540000000001,
      "system": 0.003587500000000001,
      "min": 0.02077202128,
      "max": 0.10262346228000001,
      "times": [
        0.03006456828,
        0.028790644280000003,
        0.026432382280000003,
        0.030268008280000005,
        0.029048777280000004,
        0.034968932280000004,
        0.03034958028,
        0.02915047828,
        0.02335012028,
        0.02427343728,
        0.02488378728,
        0.02685735628,
        0.027813668280000002,
        0.023319791280000002,
        0.028384824280000002,
        0.029314898280000005,
        0.02437989728,
        0.02493399328,
        0.027808362280000002,
        0.027348791280000003,
        0.02462810528,
        0.029616458280000004,
        0.030002444280000002,
        0.02974305028,
        0.023287723280000002,
        0.02545626728,
        0.024117151280000002,
        0.02886294528,
        0.02641476828,
        0.033911492280000004,
        0.02899253028,
        0.024358042280000002,
        0.028342182280000003,
        0.02696903728,
        0.026951287280000003,
        0.02356226528,
        0.028811656280000004,
        0.02582568928,
        0.02371259928,
        0.02523653828,
        0.02421989528,
        0.02450427828,
        0.02380472628,
        0.02846970028,
        0.024116162280000002,
        0.02911488028,
        0.02735588228,
        0.026250677280000002,
        0.027865952280000002,
        0.02533787228,
        0.024268148280000002,
        0.02721855028,
        0.023045586280000002,
        0.02077202128,
        0.02240005628,
        0.02619477228,
        0.028255505280000003,
        0.025654414280000003,
        0.02770832528,
        0.026557363280000003,
        0.02341814428,
        0.02624197828,
        0.024426698280000003,
        0.028048196280000003,
        0.03069055328,
        0.027491662280000002,
        0.02594582428,
        0.031049706280000002,
        0.029448129280000002,
        0.025628023280000002,
        0.02537778328,
        0.029601473280000002,
        0.027202139280000003,
        0.03515298128,
        0.02469982628,
        0.035002100280000004,
        0.030626032280000003,
        0.02856299728,
        0.02527512828,
        0.02350360128,
        0.03059740828,
        0.02579090728,
        0.032094809280000004,
        0.03349043228,
        0.027028106280000002,
        0.022542143280000003,
        0.10262346228000001,
        0.032904857280000005,
        0.03715528028000001,
        0.023343301280000003,
        0.030793323280000003,
        0.04650101828000001,
        0.02419050228,
        0.02607985028,
        0.02497446528,
        0.025295654280000003,
        0.02879324728,
        0.02443873828,
        0.027287749280000002,
        0.028594506280000005
      ],
      "exit_codes": [
        0,
        0,
        0,
        0,
        0,
        0,
        0,
        0,
        0,
        0,
        0,
        0,
        0,
        0,
        0,
        0,
        0,
        0,
        0,
        0,
        0,
        0,
        0,
        0,
        0,
        0,
        0,
        0,
        0,
        0,
        0,
        0,
        0,
        0,
        0,
        0,
        0,
        0,
        0,
        0,
        0,
        0,
        0,
        0,
        0,
        0,
        0,
        0,
        0,
        0,
        0,
        0,
        0,
        0,
        0,
        0,
        0,
        0,
        0,
        0,
        0,
        0,
        0,
        0,
        0,
        0,
        0,
        0,
        0,
        0,
        0,
        0,
        0,
        0,
        0,
        0,
        0,
        0,
        0,
        0,
        0,
        0,
        0,
        0,
        0,
        0,
        0,
        0,
        0,
        0,
        0,
        0,
        0,
        0,
        0,
        0,
        0,
        0,
        0,
        0
      ]
    }
  ]
}
