{
  "results": [
    {
      "command": "curl -b wordle.cookie -X POST localhost:8080/api/v1/game/625cc8d5c00b10bd84911321/register",
      "mean": 0.031160690749999987,
      "stddev": 0.011738403087797958,
      "median": 0.0287405201,
      "user": 0.006980799999999998,
      "system": 0.003884079999999998,
      "min": 0.023053294100000003,
      "max": 0.1282237421,
      "times": [
        0.031413223100000005,
        0.033048472100000004,
        0.0262573341,
        0.025099723100000002,
        0.036353671100000005,
        0.0287390971,
        0.028825289100000005,
        0.028301800100000003,
        0.0265501601,
        0.0292520401,
        0.0326114731,
        0.07522033610000001,
        0.033005773100000003,
        0.026676283100000003,
        0.0356077681,
        0.028595871100000003,
        0.033525757100000005,
        0.0273248981,
        0.026726966100000003,
        0.0292367241,
        0.0254666991,
        0.024501306100000002,
        0.026300579100000002,
        0.023053294100000003,
        0.1282237421,
        0.023986125100000002,
        0.0274244041,
        0.030142820100000002,
        0.0250835571,
        0.028402507100000002,
        0.0305953381,
        0.0274629711,
        0.028259240100000003,
        0.0306092221,
        0.028814703100000005,
        0.0325316721,
        0.0334795981,
        0.0315013851,
        0.025835538100000003,
        0.0266309991,
        0.027286891100000002,
        0.0278777181,
        0.027757359100000004,
        0.06221937710000001,
        0.029994906100000003,
        0.0325847681,
        0.038209904100000004,
        0.0354553531,
        0.030680484100000002,
        0.0306286931,
        0.0266328771,
        0.0347064361,
        0.0331121221,
        0.0364104801,
        0.0296016261,
        0.026836359100000002,
        0.0286040791,
        0.025957976100000002,
        0.0251413501,
        0.0286949881,
        0.026082816100000003,
        0.027618873100000003,
        0.037002232100000004,
        0.028558829100000002,
        0.030768579100000006,
        0.0257204961,
        0.027330544100000003,
        0.0270262011,
        0.033025310100000003,
        0.0340271121,
        0.0296221531,
        0.0295642541,
        0.034702516100000004,
        0.0331321121,
        0.029124648100000004,
        0.028588029100000002,
        0.026690666100000003,
        0.027247540100000002,
        0.026449550100000004,
        0.027195102100000004,
        0.027280191100000004,
        0.0269755331,
        0.031487074100000005,
        0.0285183331,
        0.030267222100000005,
        0.027105729100000003,
        0.0291620851,
        0.029850985100000005,
        0.0319666081,
        0.0356655191,
        0.0334198151,
        0.025892173100000002,
        0.027834500100000003,
        0.0273481921,
        0.0287419431,
        0.027960805100000003,
        0.0312414611,
        0.0320115411,
        0.029014100100000002,
        0.025775591100000002
      ],
      "exit_codes": [
        0,
        0,
        0,
        0,
        0,
        0,
        0,
        0,
        0,
        0,
        0,
        0,
        0,
        0,
        0,
        0,
        0,
        0,
        0,
        0,
        0,
        0,
        0,
        0,
        0,
        0,
        0,
        0,
        0,
        0,
        0,
        0,
        0,
        0,
        0,
        0,
        0,
        0,
        0,
        0,
        0,
        0,
        0,
        0,
        0,
        0,
        0,
        0,
        0,
        0,
        0,
        0,
        0,
        0,
        0,
        0,
        0,
        0,
        0,
        0,
        0,
        0,
        0,
        0,
        0,
        0,
        0,
        0,
        0,
        0,
        0,
        0,
        0,
        0,
        0,
        0,
        0,
        0,
        0,
        0,
        0,
        0,
        0,
        0,
        0,
        0,
        0,
        0,
        0,
        0,
        0,
        0,
        0,
        0,
        0,
        0,
        0,
        0,
        0,
        0
      ]
    }
  ]
}
