{
  "results": [
    {
      "command": "curl -c wordle.cookie -X POST -d '{\"name\": \"seewishnew\"}' localhost:8080/api/v1/user_id",
      "mean": 0.027165083289999992,
      "stddev": 0.008652710073483607,
      "median": 0.02543514492,
      "user": 0.006759069999999999,
      "system": 0.00395519,
      "min": 0.02027355542,
      "max": 0.09880251742,
      "times": [
        0.02233649142,
        0.02734683642,
        0.02520916442,
        0.02475999742,
        0.02275098242,
        0.02454500642,
        0.02494654442,
        0.03344215942,
        0.02632910642,
        0.02842277842,
        0.02487197442,
        0.02298831242,
        0.02027355542,
        0.02240724242,
        0.02514429542,
        0.02461642242,
        0.02454714142,
        0.02510102642,
        0.03790418342,
        0.02769888642,
        0.02621390742,
        0.02744885142,
        0.02410597442,
        0.02558117442,
        0.02262988042,
        0.02510855042,
        0.03852960642,
        0.02586071542,
        0.02834589842,
        0.02747598542,
        0.02600205242,
        0.02614455142,
        0.02392310142,
        0.021967525419999998,
        0.02109481542,
        0.02362737342,
        0.02225276742,
        0.02487699342,
        0.03007204042,
        0.02812602542,
        0.02778632742,
        0.02525308542,
        0.02632091242,
        0.02516378042,
        0.02733031442,
        0.02521966342,
        0.02735964142,
        0.02762801342,
        0.02602176542,
        0.02518254842,
        0.02342202642,
        0.04253032142,
        0.051959135420000004,
        0.02654184242,
        0.02705622842,
        0.034326498420000004,
        0.02681184642,
        0.02379680542,
        0.02436384542,
        0.02638432742,
        0.02306591842,
        0.03535917042,
        0.029011897420000002,
        0.02179348442,
        0.03061918542,
        0.09880251742,
        0.02695898142,
        0.02647627242,
        0.02460975542,
        0.02467040342,
        0.02161798842,
        0.02701014042,
        0.02691434942,
        0.02497793142,
        0.02190019842,
        0.02516418642,
        0.02602740442,
        0.03422577542,
        0.02647190642,
        0.03159136242,
        0.040377381420000004,
        0.029878671420000003,
        0.02566408742,
        0.02475799442,
        0.02153257942,
        0.02225594242,
        0.02252334242,
        0.02562218842,
        0.02659602142,
        0.02557378842,
        0.02390806842,
        0.02195097042,
        0.02603611342,
        0.027371358420000002,
        0.02529650142,
        0.02331148542,
        0.02314802642,
        0.02167458242,
        0.02195812642,
        0.02431344242
      ],
      "exit_codes": [
        0,
        0,
        0,
        0,
        0,
        0,
        0,
        0,
        0,
        0,
        0,
        0,
        0,
        0,
        0,
        0,
        0,
        0,
        0,
        0,
        0,
        0,
        0,
        0,
        0,
        0,
        0,
        0,
        0,
        0,
        0,
        0,
        0,
        0,
        0,
        0,
        0,
        0,
        0,
        0,
        0,
        0,
        0,
        0,
        0,
        0,
        0,
        0,
        0,
        0,
        0,
        0,
        0,
        0,
        0,
        0,
        0,
        0,
        0,
        0,
        0,
        0,
        0,
        0,
        0,
        0,
        0,
        0,
        0,
        0,
        0,
        0,
        0,
        0,
        0,
        0,
        0,
        0,
        0,
        0,
        0,
        0,
        0,
        0,
        0,
        0,
        0,
        0,
        0,
        0,
        0,
        0,
        0,
        0,
        0,
        0,
        0,
        0,
        0,
        0
      ]
    }
  ]
}
