{
  "results": [
    {
      "command": "curl -c wordle.cookie -X POST -d '{\"name\": \"seewishnew\"}' localhost:8080/api/v1/user_id",
      "mean": 0.026717479700000005,
      "stddev": 0.0033525746648617144,
      "median": 0.02622860738,
      "user": 0.0067563599999999994,
      "system": 0.004095100000000001,
      "min": 0.020361094380000003,
      "max": 0.03800593638,
      "times": [
        0.02318480338,
        0.03468191338,
        0.029116714380000002,
        0.026097243380000003,
        0.023728941380000004,
        0.027285997380000003,
        0.023754484380000003,
        0.02272441038,
        0.02958759738,
        0.027297036380000004,
        0.025506608380000004,
        0.026590884380000002,
        0.028721253380000002,
        0.02619087238,
        0.02567542038,
        0.02573601538,
        0.03800593638,
        0.024622373380000003,
        0.02181320938,
        0.027374679380000003,
        0.031886169379999996,
        0.020361094380000003,
        0.022287853380000004,
        0.02434413238,
        0.03027619038,
        0.02640912038,
        0.025967615380000003,
        0.02176988838,
        0.02264217438,
        0.02723238638,
        0.03241990738,
        0.025671766380000002,
        0.02927261738,
        0.03071012338,
        0.02672531938,
        0.023718342380000004,
        0.02313495738,
        0.02452933938,
        0.022402731380000002,
        0.023681674380000003,
        0.03005838438,
        0.026146343380000003,
        0.025340385380000004,
        0.02482009538,
        0.02626335838,
        0.026841900380000002,
        0.024839708380000002,
        0.027162772380000002,
        0.027357615380000002,
        0.02582019538,
        0.025008594380000002,
        0.026841152380000004,
        0.027871846380000002,
        0.03034477038,
        0.03664488138,
        0.02753099938,
        0.02860233338,
        0.02870534338,
        0.029303397380000002,
        0.02849957238,
        0.02721374438,
        0.02226604638,
        0.026458494380000003,
        0.02832810538,
        0.022875087380000002,
        0.024486282380000002,
        0.023066489380000003,
        0.02213424538,
        0.02350897738,
        0.03234096238,
        0.030101133380000002,
        0.025634070380000002,
        0.02577763338,
        0.024943075380000002,
        0.02427423738,
        0.02287758238,
        0.026696895380000002,
        0.024390149380000004,
        0.026733514380000004,
        0.027824527380000002,
        0.024869427380000003,
        0.026914623380000002,
        0.02812576538,
        0.02575379938,
        0.03714469238,
        0.02898923838,
        0.025681442380000002,
        0.023088539380000002,
        0.02793273438,
        0.03142748938,
        0.025005482380000003,
        0.022835780380000004,
        0.02619385638,
        0.027563411380000003,
        0.030733935380000004,
        0.033741146379999996,
        0.02552917038,
        0.025845297380000003,
        0.028364967380000005,
        0.02693246938
      ],
      "exit_codes": [
        0,
        0,
        0,
        0,
        0,
        0,
        0,
        0,
        0,
        0,
        0,
        0,
        0,
        0,
        0,
        0,
        0,
        0,
        0,
        0,
        0,
        0,
        0,
        0,
        0,
        0,
        0,
        0,
        0,
        0,
        0,
        0,
        0,
        0,
        0,
        0,
        0,
        0,
        0,
        0,
        0,
        0,
        0,
        0,
        0,
        0,
        0,
        0,
        0,
        0,
        0,
        0,
        0,
        0,
        0,
        0,
        0,
        0,
        0,
        0,
        0,
        0,
        0,
        0,
        0,
        0,
        0,
        0,
        0,
        0,
        0,
        0,
        0,
        0,
        0,
        0,
        0,
        0,
        0,
        0,
        0,
        0,
        0,
        0,
        0,
        0,
        0,
        0,
        0,
        0,
        0,
        0,
        0,
        0,
        0,
        0,
        0,
        0,
        0,
        0
      ]
    }
  ]
}
