{
  "results": [
    {
      "command": "curl -c wordle.cookie -X POST -d '{\"name\": \"seewishnew\"}' localhost:8080/api/v1/user_id",
      "mean": 0.026810037779999997,
      "stddev": 0.006752895781917076,
      "median": 0.02520889248,
      "user": 0.006530049999999999,
      "system": 0.0038906500000000007,
      "min": 0.020464425980000003,
      "max": 0.07224857498000001,
      "times": [
        0.025689413980000003,
        0.026874444980000002,
        0.02406424198,
        0.02246277898,
        0.02572901198,
        0.03069099098,
        0.02352106798,
        0.027131477980000002,
        0.024507739980000002,
        0.03083811098,
        0.02832210198,
        0.02712926598,
        0.025065255980000003,
        0.02744587998,
        0.023555755980000002,
        0.02676072498,
        0.025635824980000003,
        0.030092292980000004,
        0.026899312980000003,
        0.02827729198,
        0.024433269980000002,
        0.02355634398,
        0.02642363998,
        0.023684842980000002,
        0.02658672498,
        0.02348063598,
        0.027071330980000002,
        0.02424273398,
        0.022400979980000003,
        0.02289651598,
        0.029077872980000002,
        0.027506701980000003,
        0.02558302598,
        0.03255206798,
        0.025009078980000002,
        0.025219108980000002,
        0.02481154198,
        0.02368827198,
        0.02186488298,
        0.021273184980000002,
        0.031247446980000003,
        0.02378715298,
        0.02856484998,
        0.02244351798,
        0.02539461398,
        0.02330364198,
        0.023274820980000003,
        0.021831478980000003,
        0.02318668498,
        0.023271407980000002,
        0.02631023098,
        0.02509261998,
        0.02662826298,
        0.023292084980000002,
        0.023090432980000002,
        0.03513251398,
        0.025162096980000003,
        0.025897756980000002,
        0.02439182498,
        0.024260492980000003,
        0.02728637998,
        0.02916406898,
        0.029963626980000005,
        0.024482769980000003,
        0.02218512198,
        0.02070826698,
        0.028676359980000003,
        0.023406960980000002,
        0.02397356998,
        0.03898036598,
        0.02398108698,
        0.023676742980000002,
        0.02785827398,
        0.024511825980000002,
        0.024499414980000002,
        0.02237807798,
        0.03622873498,
        0.024060923980000003,
        0.02240587298,
        0.02279029398,
        0.02837169598,
        0.06202823698,
        0.07224857498000001,
        0.029424802980000005,
        0.027742753980000003,
        0.024787175980000003,
        0.02557762098,
        0.03730597698,
        0.02489214398,
        0.02285421198,
        0.02734855198,
        0.02519867598,
        0.025342248980000003,
        0.026098967980000002,
        0.031506896980000004,
        0.02878154998,
        0.02678726298,
        0.030497601980000004,
        0.020464425980000003,
        0.024905979980000003
      ],
      "exit_codes": [
        0,
        0,
        0,
        0,
        0,
        0,
        0,
        0,
        0,
        0,
        0,
        0,
        0,
        0,
        0,
        0,
        0,
        0,
        0,
        0,
        0,
        0,
        0,
        0,
        0,
        0,
        0,
        0,
        0,
        0,
        0,
        0,
        0,
        0,
        0,
        0,
        0,
        0,
        0,
        0,
        0,
        0,
        0,
        0,
        0,
        0,
        0,
        0,
        0,
        0,
        0,
        0,
        0,
        0,
        0,
        0,
        0,
        0,
        0,
        0,
        0,
        0,
        0,
        0,
        0,
        0,
        0,
        0,
        0,
        0,
        0,
        0,
        0,
        0,
        0,
        0,
        0,
        0,
        0,
        0,
        0,
        0,
        0,
        0,
        0,
        0,
        0,
        0,
        0,
        0,
        0,
        0,
        0,
        0,
        0,
        0,
        0,
        0,
        0,
        0
      ]
    }
  ]
}
